{"cameraMode":{"drawMode":0,"name":"Shaded","section":"Shading Mode"},"sceneLighting":true,"audioPlay":false,"sceneViewState":{"m_AlwaysRefresh":false,"showFog":true,"showSkybox":true,"showFlares":true,"showImageEffects":true,"showParticleSystems":true,"showVisualEffectGraphs":true,"m_FxEnabled":true},"in2DMode":false,"pivot":{"x":2.019498586654663,"y":2.013031005859375,"z":0.11831581592559815},"rotation":{"x":0.05706995725631714,"y":0.5001214146614075,"z":-0.0330561026930809,"w":0.8634411096572876},"size":2.0303421020507814,"orthographic":true}